<?xml version="1.0" encoding="ISO-8859-1" ?>
<!DOCTYPE scenario SYSTEM "sipp.dtd">

<!-- This program is free software; you can redistribute it and/or      -->
<!-- modify it under the terms of the GNU General Public License as     -->
<!-- published by the Free Software Foundation; either version 2 of the -->
<!-- License, or (at your option) any later version.                    -->
<!--                                                                    -->
<!-- This program is distributed in the hope that it will be useful,    -->
<!-- but WITHOUT ANY WARRANTY; without even the implied warranty of     -->
<!-- MERCHANTABILITY or FITNESS FOR A PARTICULAR PURPOSE.  See the      -->
<!-- GNU General Public License for more details.                       -->
<!--                                                                    -->
<!-- You should have received a copy of the GNU General Public License  -->
<!-- along with this program; if not, write to the                      -->
<!-- Free Software Foundation, Inc.,                                    -->
<!-- 59 Temple Place, Suite 330, Boston, MA  02111-1307 USA             -->
<!--                                                                    -->
<!--                 GERYON POC CALL scenario.                -->
<!--                                                                    -->

<scenario name="mcptt_private_call_manual">
  <!-- In client mode (sipp placing calls), the Call-ID MUST be         -->
  <!-- generated by sipp. To do so, use [call_id] keyword.                -->

  <send retrans="500">
    <![CDATA[
	  
INVITE sip:[field7] SIP/2.0
Via: SIP/2.0/UDP [local_ip]:[local_port];branch=[branch]
From: <sip:[field0]@[field1]>;tag=[call_number]
To: <sip:[field7]>
Contact: <sip:[field0]@[local_ip]:[local_port]>;+g.3gpp.icsi-ref="urn%3Aurn-7%3A3gpp-service.ims.icsi.mcptt";+g.3gpp.mcptt
Call-ID: [call_id]
CSeq: [cseq] INVITE
Max-Forwards: 15
Accept-Contact: *;+g.3gpp.mcptt;require;explicit
Accept-Contact: *;+g.3gpp.icsi-ref="urn%3Aurn-7%3A3gpp-service.ims.icsi.mcptt";require;explicit
P-Preferred-Service: urn:urn-7:3gpp-service.ims.icsi.mcptt
P-Preferred-Identity: <sip:[field0]@[field1]>
Session-Expires: 3600
Supported: timer
Allow: INVITE, ACK, CANCEL, BYE, MESSAGE, OPTIONS, NOTIFY, PRACK, UPDATE, REFER
User-Agent: MCPTTCLIENT
Answer-Mode: Manual
Resource-Priority: mcpttp.5
Content-Type: multipart/mixed; boundary=YKP42ALY6Zy3ey
Content-Length: [len]

--YKP42ALY6Zy3ey
Content-Type: application/sdp

v=0
o=MCPTTCLIENT 1183811731 4248272445 IN IP4 [media_ip]
s=-
c=IN IP4 [media_ip]
t=0 0
m=audio [media_port] RTP/AVP 0
a=label:1
i=speech
a=rtpmap:0 PCMU/8000/1
a=ptime:20
a=maxptime:240
m=application 1234 udp MCPTT
a=fmtp:MCPTT mc_queing;mc_priority=7;mc_granted;mc_implicit_request

--YKP42ALY6Zy3ey
Content-Type: application/vnd.3gpp.mcptt-info+xml

<?xml version="1.0" encoding="UTF-8"?>
<mcpttinfo xmlns="urn:3gpp:ns:mcpttInfo:1.0" xmlns:xsi="http://www.w3.org/2001/XMLSchema-instance">
  <mcptt-Params>
    <session-type>private</session-type>
  </mcptt-Params>
</mcpttinfo>

--YKP42ALY6Zy3ey
Content-Type: application/resource-lists+xml

<?xml version="1.0" encoding="UTF-8"?>
<resource-lists xmlns="urn:ietf:params:xml:ns:resource-lists" xmlns:cc="urn:ietf:params:xml:ns:copycontrol">
  <list>
    <entry uri="sip:[field5]@[field6]" cc:copyControl="to"/>
  </list>
</resource-lists>

--YKP42ALY6Zy3ey--
]]>
  </send>

  <recv response="100"
        optional="true">
  </recv>

  <recv response="180" optional="true">
  </recv>

  <recv response="183" optional="true">
  </recv>

  <recv response="182" optional="true">
  </recv>

  <!-- By adding rrs="true" (Record Route Sets), the route sets         -->
  <!-- are saved and used for following messages sent. Useful to test   -->
  <!-- against stateful SIP proxies/B2BUAs.                             -->
  <recv response="200" rrs="true">
    <action>
      <ereg regexp="m=application ([[:alnum:]]*) udp MCPTT*" search_in="body" check_it="true" assign_to="3,4"/>
      <ereg regexp="c=IN IP4 (([0-9]{1,3}\.){3}[0-9]{1,3})" search_in="body" check_it="true" assign_to="5,6"/>
      <log message="MCPTT port: [$4]. Stuff: [$3]" />
      <log message="MCPTT IP: [$6]. Stuff: [$5]" />
    </action>
  </recv>

  <nop>
   <action>
   <exec command="nc -l -u 1234 > mcptt-packets-caller.dat 2>mcptt-packets-caller-error.log &"/>
   </action>
  </nop>


  <!-- Packet lost can be simulated in any send/recv message by         -->
  <!-- by adding the 'lost = "10"'. Value can be [1-100] percent.       -->
  <send>
    <![CDATA[

ACK [next_url] SIP/2.0
Via: SIP/2.0/[transport] [local_ip]:[local_port];branch=[branch]
[routes]
From: <sip:[field0]@[field1]>;tag=[call_number]
To: <sip:[field7]>[peer_tag_param]
Contact: <sip:[local_ip]:[local_port]>;+g.3gpp.icsi-ref="urn%3Aurn-7%3A3gpp-service.ims.icsi.mcptt";+g.3gpp.mcptt
Call-ID: [call_id]
CSeq: [cseq] ACK
Content-Length: 0
Max-Forwards: 15
Accept-Contact: *;+g.3gpp.mcptt;require;explicit
Accept-Contact: *;+g.3gpp.icsi-ref="urn%3Aurn-7%3A3gpp-service.ims.icsi.mcptt";require;explicit
P-Preferred-Service: urn:urn-7:3gpp-service.ims.icsi.mcptt
P-Preferred-Identity: <sip:[field0]@[field1]>

    ]]>
  </send>

  <nop>
  <action>
  <exec play_pcap_audio="pcap/audio_stream_rtp_pcmu_short.pcap"/>
  </action>
  </nop>

  <pause milliseconds="12000"/>

<!-- RELEASE -->
  <nop>
  <action>
  <exec command="sendip -p ipv4 -is [local_ip] -p udp -us 1234 -ud [$4] -d 0x84cc0003c71a42524d43505474028000 [$6]"/>
  </action>
  </nop>

  <pause milliseconds="25000"/>

<!-- REQUEST -->

  <nop>
  <action>
  <exec command="sendip -p ipv4 -is [local_ip] -p udp -us 1234 -ud [$4] -d 0x80cc0004c71a42524d4350546602070074028000 [$6]"/>
  </action>
  </nop>

  <nop>
    <action>
    <exec play_pcap_audio="pcap/audio_stream_rtp_pcmu_short.pcap"/>
    </action>
  </nop>

  <pause milliseconds="12000"/>

<!-- RELEASE -->
  <nop>
  <action>
  <exec command="sendip -p ipv4 -is [local_ip] -p udp -us 1234 -ud [$4] -d 0x84cc0003c71a42524d43505474028000 [$6]"/>
  </action>
  </nop>


  <recv request="BYE">
  </recv>

  <send crlf="true">
    <![CDATA[

      SIP/2.0 200 OK
      [last_Via:]
      [last_From:]
      [last_To:];tag=[pid]-[call_number]
      [last_Call-ID:]
      [last_CSeq:]
      Content-Length: 0

    ]]>
  </send>


  <pause milliseconds="2000"/>


  <!-- definition of the response time repartition table (unit is ms)   -->
  <ResponseTimeRepartition value="10, 20, 30, 40, 50, 100, 150, 200"/>

  <!-- definition of the call length repartition table (unit is ms)     -->
  <CallLengthRepartition value="10, 50, 100, 500, 1000, 5000, 10000"/>

</scenario>

